<?xml version="1.0" encoding="UTF-8"?>
<ejb-jar xmlns="http://xmlns.jcp.org/xml/ns/javaee"
         xmlns:xsi="http://www.w3.org/2001/XMLSchema-instance"
         xsi:schemaLocation="http://xmlns.jcp.org/xml/ns/javaee http://xmlns.jcp.org/xml/ns/javaee/ejb-jar_3_2.xsd"
         version="3.2">

    <enterprise-beans>
        <session>
            <ejb-name>ClientEjb</ejb-name>
            <ejb-class>ejbs.ClientEjb</ejb-class>
            <session-type>Stateful</session-type>
            <transaction-type>Container</transaction-type>
        </session>
    </enterprise-beans>

</ejb-jar>
